"Word","RT","Freq","log10freq"
"thing",621.77,55522,4.74446510177892
"life",519.56,40629,4.60883613318473
"door",507.38,14895,4.17304050755106
"angel",636.56,3992,3.60119053261533
"beer",587.18,3850,3.5854607295085
"disgrace",705,409,2.61172330800734
"kitten",611.26,241,2.38201704257487
"bloke",794.35,238,2.37657695705651
"mocha",725.04,66,1.81954393554187
"gnome",809.87,32,1.50514997831991
"nihilism",763.5,4,0.602059991327962
"puffball",877.53,4,0.602059991327962
